family,binomial,commonName,method,injection,testedOn,lethalDosage,yield,size,dentition
Elapidae,Pseudonaja textilis,Eastern brown snake,LD50,IV,Mouse,0.001,155,250,front-fanged
Elapidae,Notechis scutatus,mainland tiger snake,LD50,IV,Mouse,0.01,636,290,front-fanged
Viperidae,Vipera berus,Common European adder,LD50,IV,Mouse,0.01,18,105,front-fanged
Elapidae,Naja nigricollis,black necked spitting cobra,LD50,IV,Mouse,0.03,200,280,front-fanged
Viperidae,Crotalus scutulatus,Mohave rattlesnake,LD50,IV,Mouse,0.03,150,137.3,front-fanged
Viperidae,Daboia russelii,Russell's viper,LD50,IV,Mouse,0.035,240,185,front-fanged
Elapidae,Bungarus caeruleus,Indian krait,LD50,IV,Mouse,0.04,30,180,front-fanged
Elapidae,Bungarus candidus,Blue krait,LD50,IV,Mouse,0.04,67.7,160,front-fanged
Viperidae,Crotalus durissus,South American rattlesnake,LD50,IV,Mouse,0.047,100,200,front-fanged
Viperidae,Crotalus tigris,Tiger rattlesnake,LD50,IV,Mouse,0.056,11,90,front-fanged
Atractaspididae,Atractaspis engaddensis,Palestinian Mole Viper,LD50,IV,Mouse,0.06,9.6,100,front-fanged
Atractaspididae,Atractaspis bibronii,Bibron's burrowing asp,LD50,IV,Mouse,0.06,4.3,70,front-fanged
Atractaspididae,Atractaspis microlepidota,Small scaled burrowing asp,LD50,IV,Mouse,0.06,10,110,front-fanged
Colubridae,Dispholidus typus,Boomslang,LD50,IV,Mouse,0.067,8,213,rear-fanged
Elapidae,Bungarus multicinctus,Many banded krait,LD50,IV,Mouse,0.071,18.4,185,front-fanged
Elapidae,Naja siamensis,Indochinese spitting cobra,LD50,IV,Mouse,0.075,738,160,front-fanged
Colubridae,Boiga irregularis,Brown tree snake,LD50,IV,Mouse,0.08,25,310,rear-fanged
Elapidae,Hydrophis platurus,Yellowbelly sea snake,LD50,IV,Mouse,0.09,4.4,133,front-fanged
Elapidae,Naja melanoleuca,forest cobra,LD50,IV,Mouse,0.093,1102,320,front-fanged
Elapidae,Naja kaouthia,monocled cobra,LD50,IV,Mouse,0.115,742,230,front-fanged
Viperidae,Echis carinatus,Saw scaled viper,LD50,IV,Mouse,0.12,72,90,front-fanged
Elapidae,Hydrophis elegans,Elegant sea snake,LD50,IV,Mouse,0.12,24,250,front-fanged
Viperidae,Pseudocerastes fieldi,Field's horned viper,LD50,IV,Mouse,0.125,100,116,front-fanged
Elapidae,Ophiophagus hannah,King cobra,LD50,IV,Mouse,0.125,500,585,front-fanged
Elapidae,Naja naja,spectacled cobra,LD50,IV,Mouse,0.13,610,220,front-fanged
Viperidae,Bothrops jararacussu,Jararacussu,LD50,IV,Mouse,0.14,1000,220,front-fanged
Elapidae,Aipysurus laevis,Olive brown sea snake,LD50,IV,Mouse,0.15,150,230,front-fanged
Elapidae,Oxyuranus scutellatus,coastal taipan,LD50,IV,Mouse,0.155,882,366,front-fanged
Elapidae,Hydrophis stokesii,Large headed Sea Snake,LD50,IV,Mouse,0.164,150,200,front-fanged
Elapidae,Bungarus fasciatus,Banded krait,LD50,IV,Mouse,0.17,114,225,front-fanged
Elapidae,Micrurus fulvius,Eastern coral snake,LD50,IV,Mouse,0.2,5,130,front-fanged
Elapidae,Laticauda semifasciata,Black banded sea krait,LD50,IV,Mouse,0.211,17,200,front-fanged
Viperidae,Montivipera xanthina,Ottoman viper,LD50,IV,Mouse,0.228,18,150,front-fanged
Elapidae,Pseudechis australis,Mulga snake,LD50,IV,Mouse,0.23,1500,330,front-fanged
Elapidae,Dendroaspis polylepis,Black mamba,LD50,IV,Mouse,0.264,400,430,front-fanged
Elapidae,Naja atra,Chinese cobra,LD50,IV,Mouse,0.264,200,200,front-fanged
Colubridae,Rhabdophis tigrinus,tiger keelback,LD50,IV,Mouse,0.265,20.5,170,rear-fanged
Elapidae,Naja oxiana,Caspian cobra,LD50,IV,Mouse,0.272,590,190,front-fanged
Elapidae,Hydrophis cyanocinctus,Annulated sea snake,LD50,IV,Mouse,0.275,80,275,front-fanged
Elapidae,Naja haje,Egyptian cobra,LD50,IV,Mouse,0.287,300,300,front-fanged
Elapidae,Micrurus nigrocinctus,Central American coral snake,LD50,IV,Mouse,0.3,8,115,front-fanged
Elapidae,Bungarus flaviceps,Red headed krait,LD50,IV,Mouse,0.32,50,195.5,front-fanged
Viperidae,Trimeresurus albolabris,white lipped pitviper,LD50,IV,Mouse,0.37,15,104,front-fanged
Elapidae,Naja nivea,Cape cobra,LD50,IV,Mouse,0.371,150,185,front-fanged
Viperidae,Deinagkistrodon acutus,Chinese sharp nosed pitviper,LD50,IV,Mouse,0.38,214,160,front-fanged
Elapidae,Dendroaspis angusticeps,Eastern green mamba,LD50,IV,Mouse,0.381,60,280,front-fanged
Viperidae,Bitis arietans,Puff adder,LD50,IV,Mouse,0.389,750,191,front-fanged
Elapidae,Naja pallida,red spitting cobra,LD50,IV,Mouse,0.49,260,157,front-fanged
Viperidae,Cerastes vipera,Sahara sand viper,LD50,IV,Mouse,0.5,43,53,front-fanged
Viperidae,Azemiops feae,Fea's viper,LD50,IV,Mouse,0.52,1.75,100,front-fanged
Viperidae,Bitis gabonica,Central African gaboon viper,LD50,IV,Mouse,0.55,2400,237,front-fanged
Viperidae,Macrovipera lebetinus,Levantine viper,LD50,IV,Mouse,0.568,150,214,front-fanged
Viperidae,Tropidolaemus wagleri,Wagler's pitviper,LD50,IV,Mouse,0.625,90,135,front-fanged
Elapidae,Dendroaspis viridis,Western green mamba,LD50,IV,Mouse,0.667,100,250,front-fanged
Viperidae,Bothrops alternatus,urut√∫,LD50,IV,Mouse,0.75,100,200,front-fanged
Elapidae,Micrurus frontalis,southern coral snake,LD50,IV,Mouse,0.75,30,164,front-fanged
Viperidae,Vipera latastei,Lataste's viper,LD50,IV,Mouse,0.755,26,76,front-fanged
Viperidae,Vipera aspis,aspic viper,LD50,IV,Mouse,0.78,10,90,front-fanged
Viperidae,Agkistrodon bilineatus,Mexican cantil,LD50,IV,Mouse,0.8,688,141,front-fanged
Viperidae,Echis ocellatus,West African carpet viper,LD50,IV,Mouse,0.804,24.8,65,front-fanged
Viperidae,Bothrops jararaca,Jararaca,LD50,IV,Mouse,0.835,70,240,front-fanged
Elapidae,Dendroaspis jamesoni,,LD50,IV,Mouse,0.84,120,265,front-fanged
Viperidae,Hypnale hypnale,hump nosed pitviper,LD50,IV,Mouse,0.9,20,60,front-fanged
Viperidae,Lachesis muta,Atlantic bushmaster,LD50,IV,Mouse,0.9,411,360,front-fanged
Viperidae,Crotalus atrox,Western diamondback rattlesnake,LD50,IV,Mouse,0.92,1145,234,front-fanged
Viperidae,Crotalus pricei,Western twin spotted rattlesnake,LD50,IV,Mouse,0.95,8,66,front-fanged
Viperidae,Bitis nasicornis,Rhinoceros viper,LD50,IV,Mouse,1.056,353,150,front-fanged
Viperidae,Crotalus viridis,prairie rattlesnake,LD50,IV,Mouse,1.1,390,160,front-fanged
Viperidae,Bitis caudalis,Horned puff adder,LD50,IV,Mouse,1.111,85,52,front-fanged
Elapidae,Hemachatus haemachatus,Rinkhals,LD50,IV,Mouse,1.15,120,150,front-fanged
Elapidae,Naja mossambica,Mozambique spitting cobra,LD50,IV,Mouse,1.16,656,154,front-fanged
Viperidae,Bothrops asper,Terciopelo,LD50,IV,Mouse,1.175,1530,305,front-fanged
Viperidae,Gloydius blomhoffii,Mamushi,LD50,IV,Mouse,1.32,7,91,front-fanged
Viperidae,Crotalus adamanteus,Eastern Diamondback Rattlesnake,LD50,IV,Mouse,1.333,848,251,front-fanged
Viperidae,Bothrops atrox,Common lancehead,LD50,IV,Mouse,1.4,200,180,front-fanged
Viperidae,Atropoides picadoi,Picado's jumping pitviper,LD50,IV,Mouse,1.419,70,120.2,front-fanged
Elapidae,Naja katiensis,Mali cobra,LD50,IV,Mouse,1.42,100,107,front-fanged
Viperidae,Bothriechis schlegelii,eyelash palm pitviper,LD50,IV,Mouse,1.6,20,90,front-fanged
Viperidae,Crotalus horridus,Timber rattlesnake,LD50,IV,Mouse,1.644,229,190,front-fanged
Viperidae,Crotalus ruber,Red diamond rattlesnake,LD50,IV,Mouse,2.17,707,183,front-fanged
Atractaspididae,Atractaspis dahomeyensis,Dahomey burrowing asp,LD50,IV,Mouse,2.24,3.4,57,front-fanged
Viperidae,Agkistrodon piscivorus,Cottonmouth,LD50,IV,Mouse,2.25,170,189,front-fanged
Viperidae,Metlapilcoatlus nummifer,Central American jumping pitviper,LD50,IV,Mouse,2.4,60,76.2,front-fanged
Viperidae,Protobothrops flavoviridis,Okinawa habu,LD50,IV,Mouse,2.5,353.8,300,front-fanged
Viperidae,Crotalus cerastes,Sidewinder rattlesnake,LD50,IV,Mouse,2.6,80,82,front-fanged
Viperidae,Crotalus molossus,Northern black tailed rattlesnake,LD50,IV,Mouse,2.63,540,140,front-fanged
Viperidae,Agkistrodon contortrix,Copperhead,LD50,IV,Mouse,2.711,75,135,front-fanged
Viperidae,Sistrurus miliarius,pygmy rattlesnake,LD50,IV,Mouse,2.8,35,80,front-fanged
Viperidae,Calloselasma rhodostoma,Malayan pitviper,LD50,IV,Mouse,2.82,60,120,front-fanged
Viperidae,Cerrophidion sasai,Costa Rica montane pitviper,LD50,IV,Mouse,3.6666,15,71.3,front-fanged
Viperidae,Porthidium nasutum,rainforest hog nosed pitviper,LD50,IV,Mouse,4.6,25,60,front-fanged
Viperidae,Cerrophidion godmani,Godman's montane pitviper,LD50,IV,Mouse,4.75,20,82,front-fanged
Viperidae,Bothriechis lateralis,side striped palm viper,LD50,IV,Mouse,5.144,20,100,front-fanged
Viperidae,Porthidium ophryomegas,slender hognosed pitviper,LD50,IV,Mouse,6.813,20,80,front-fanged
Viperidae,Causus rhombeatus,Common Night Adder,LD50,IV,Mouse,10.278,300,101,front-fanged
Viperidae,Crotalus basiliscus,Mexican west coast rattlesnake,LD50,IV,Mouse,11.1,297,205,front-fanged
